DATE,2yr_yield,10yr_yield,yield_spread
2017-07-03,1.41,2.35,0.9400000000000002
2017-07-05,1.41,2.33,0.9200000000000002
2017-07-06,1.4,2.37,0.9700000000000002
2017-07-07,1.4,2.39,0.9900000000000002
2017-07-10,1.4,2.38,0.98
2017-07-11,1.37,2.37,1.0
2017-07-12,1.35,2.33,0.98
2017-07-13,1.37,2.35,0.98
2017-07-14,1.35,2.33,0.98
2017-07-17,1.36,2.31,0.95
2017-07-18,1.36,2.27,0.9099999999999999
2017-07-19,1.37,2.27,0.8999999999999999
2017-07-20,1.37,2.27,0.8999999999999999
2017-07-21,1.36,2.24,0.8800000000000001
2017-07-24,1.37,2.26,0.8899999999999997
2017-07-25,1.4,2.33,0.9300000000000002
2017-07-26,1.36,2.29,0.9299999999999999
2017-07-27,1.36,2.32,0.9599999999999997
2017-07-28,1.34,2.3,0.9599999999999997
2017-07-31,1.34,2.3,0.9599999999999997
2017-08-01,1.34,2.26,0.9199999999999997
2017-08-02,1.36,2.27,0.9099999999999999
2017-08-03,1.34,2.24,0.9000000000000001
2017-08-04,1.36,2.27,0.9099999999999999
2017-08-07,1.36,2.26,0.8999999999999997
2017-08-08,1.36,2.29,0.9299999999999999
2017-08-09,1.33,2.24,0.9100000000000001
2017-08-10,1.33,2.2,0.8700000000000001
2017-08-11,1.3,2.19,0.8899999999999999
2017-08-14,1.33,2.22,0.8900000000000001
2017-08-15,1.35,2.27,0.9199999999999999
2017-08-16,1.33,2.23,0.8999999999999999
2017-08-17,1.32,2.19,0.8699999999999999
2017-08-18,1.33,2.19,0.8599999999999999
2017-08-21,1.32,2.18,0.8600000000000001
2017-08-22,1.33,2.22,0.8900000000000001
2017-08-23,1.32,2.17,0.8499999999999999
2017-08-24,1.33,2.19,0.8599999999999999
2017-08-25,1.35,2.17,0.8199999999999998
2017-08-28,1.33,2.16,0.8300000000000001
2017-08-29,1.33,2.13,0.7999999999999998
2017-08-30,1.33,2.15,0.8199999999999998
2017-08-31,1.33,2.12,0.79
2017-09-01,1.35,2.16,0.81
2017-09-05,1.3,2.07,0.7699999999999998
2017-09-06,1.3,2.1,0.8
2017-09-07,1.27,2.05,0.7799999999999998
2017-09-08,1.27,2.06,0.79
2017-09-11,1.32,2.14,0.8200000000000001
2017-09-12,1.33,2.17,0.8399999999999999
2017-09-13,1.35,2.2,0.8500000000000001
2017-09-14,1.37,2.2,0.8300000000000001
2017-09-15,1.39,2.2,0.8100000000000003
2017-09-18,1.4,2.23,0.8300000000000001
2017-09-19,1.4,2.24,0.8400000000000003
2017-09-20,1.45,2.28,0.8299999999999998
2017-09-21,1.45,2.27,0.8200000000000001
2017-09-22,1.46,2.26,0.7999999999999998
2017-09-25,1.44,2.22,0.7800000000000002
2017-09-26,1.45,2.24,0.7900000000000003
2017-09-27,1.47,2.31,0.8400000000000001
2017-09-28,1.45,2.31,0.8600000000000001
2017-09-29,1.47,2.33,0.8600000000000001
2017-10-02,1.49,2.34,0.8499999999999999
2017-10-03,1.47,2.33,0.8600000000000001
2017-10-04,1.47,2.33,0.8600000000000001
2017-10-05,1.49,2.35,0.8600000000000001
2017-10-06,1.54,2.37,0.8300000000000001
2017-10-10,1.51,2.35,0.8400000000000001
2017-10-11,1.51,2.35,0.8400000000000001
2017-10-12,1.51,2.33,0.8200000000000001
2017-10-13,1.51,2.28,0.7699999999999998
2017-10-16,1.54,2.3,0.7599999999999998
2017-10-17,1.54,2.3,0.7599999999999998
2017-10-18,1.59,2.34,0.7499999999999998
2017-10-19,1.58,2.33,0.75
2017-10-20,1.6,2.39,0.79
2017-10-23,1.58,2.38,0.7999999999999998
2017-10-24,1.6,2.42,0.8199999999999998
2017-10-25,1.61,2.44,0.8299999999999998
2017-10-26,1.63,2.46,0.8300000000000001
2017-10-27,1.59,2.42,0.8299999999999998
2017-10-30,1.58,2.37,0.79
2017-10-31,1.6,2.38,0.7799999999999998
2017-11-01,1.61,2.37,0.76
2017-11-02,1.61,2.35,0.74
2017-11-03,1.63,2.34,0.71
2017-11-06,1.61,2.32,0.7099999999999997
2017-11-07,1.63,2.32,0.69
2017-11-08,1.65,2.32,0.6699999999999999
2017-11-09,1.63,2.33,0.7000000000000002
2017-11-10,1.67,2.4,0.73
2017-11-13,1.7,2.4,0.7
2017-11-14,1.68,2.38,0.7
2017-11-15,1.68,2.33,0.6500000000000001
2017-11-16,1.72,2.37,0.6500000000000001
2017-11-17,1.73,2.35,0.6200000000000001
2017-11-20,1.77,2.37,0.6000000000000001
2017-11-21,1.77,2.36,0.5899999999999999
2017-11-22,1.74,2.32,0.5799999999999998
2017-11-24,1.75,2.34,0.5899999999999999
2017-11-27,1.74,2.32,0.5799999999999998
2017-11-28,1.75,2.34,0.5899999999999999
2017-11-29,1.78,2.37,0.5900000000000001
2017-11-30,1.78,2.42,0.6399999999999999
2017-12-01,1.78,2.37,0.5900000000000001
2017-12-04,1.8,2.37,0.5700000000000001
2017-12-05,1.83,2.36,0.5299999999999998
2017-12-06,1.78,2.33,0.55
2017-12-07,1.8,2.37,0.5700000000000001
2017-12-08,1.8,2.38,0.5799999999999998
2017-12-11,1.82,2.39,0.5700000000000001
2017-12-12,1.83,2.4,0.5699999999999998
2017-12-13,1.79,2.36,0.5699999999999998
2017-12-14,1.82,2.35,0.53
2017-12-15,1.84,2.35,0.51
2017-12-18,1.84,2.39,0.55
2017-12-19,1.87,2.46,0.5899999999999999
2017-12-20,1.87,2.49,0.6200000000000001
2017-12-21,1.89,2.48,0.5900000000000001
2017-12-22,1.91,2.48,0.5700000000000001
2017-12-26,1.92,2.47,0.5500000000000003
2017-12-27,1.89,2.42,0.53
2017-12-28,1.91,2.43,0.5200000000000002
2017-12-29,1.89,2.4,0.51
2018-01-02,1.92,2.46,0.54
2018-01-03,1.94,2.44,0.5
2018-01-04,1.96,2.46,0.5
2018-01-05,1.96,2.47,0.5100000000000002
2018-01-08,1.96,2.49,0.5300000000000002
2018-01-09,1.98,2.55,0.5699999999999998
2018-01-10,1.98,2.55,0.5699999999999998
2018-01-11,1.98,2.54,0.56
2018-01-12,1.99,2.55,0.5599999999999998
2018-01-16,2.03,2.54,0.5100000000000002
2018-01-17,2.05,2.57,0.52
2018-01-18,2.05,2.62,0.5700000000000003
2018-01-19,2.06,2.64,0.5800000000000001
2018-01-22,2.08,2.66,0.5800000000000001
2018-01-23,2.06,2.63,0.5699999999999998
2018-01-24,2.08,2.65,0.5699999999999998
2018-01-25,2.08,2.63,0.5499999999999998
2018-01-26,2.13,2.66,0.5300000000000002
2018-01-29,2.11,2.7,0.5900000000000003
2018-01-30,2.13,2.73,0.6000000000000001
2018-01-31,2.14,2.72,0.5800000000000001
2018-02-01,2.16,2.78,0.6199999999999997
2018-02-02,2.15,2.84,0.69
2018-02-05,2.08,2.77,0.69
2018-02-06,2.1,2.79,0.69
2018-02-07,2.15,2.84,0.69
2018-02-08,2.13,2.85,0.7200000000000002
2018-02-09,2.05,2.83,0.7800000000000002
2018-02-12,2.09,2.86,0.77
2018-02-13,2.1,2.83,0.73
2018-02-14,2.17,2.91,0.7400000000000002
2018-02-15,2.19,2.9,0.71
2018-02-16,2.21,2.87,0.6600000000000001
2018-02-20,2.25,2.88,0.6299999999999999
2018-02-21,2.26,2.94,0.6800000000000002
2018-02-22,2.25,2.92,0.6699999999999999
2018-02-23,2.25,2.88,0.6299999999999999
2018-02-26,2.22,2.86,0.6399999999999997
2018-02-27,2.27,2.9,0.6299999999999999
2018-02-28,2.25,2.87,0.6200000000000001
2018-03-01,2.22,2.81,0.5899999999999999
2018-03-02,2.25,2.86,0.6099999999999999
2018-03-05,2.24,2.88,0.6399999999999997
2018-03-06,2.25,2.88,0.6299999999999999
2018-03-07,2.25,2.89,0.6400000000000001
2018-03-08,2.25,2.86,0.6099999999999999
2018-03-09,2.27,2.9,0.6299999999999999
2018-03-12,2.27,2.87,0.6000000000000001
2018-03-13,2.26,2.84,0.5800000000000001
2018-03-14,2.26,2.81,0.5500000000000003
2018-03-15,2.29,2.82,0.5299999999999998
2018-03-16,2.31,2.85,0.54
2018-03-19,2.31,2.85,0.54
2018-03-20,2.34,2.89,0.5500000000000003
2018-03-21,2.31,2.89,0.5800000000000001
2018-03-22,2.29,2.83,0.54
2018-03-23,2.28,2.82,0.54
2018-03-26,2.33,2.85,0.52
2018-03-27,2.26,2.78,0.52
2018-03-28,2.28,2.77,0.4900000000000002
2018-03-29,2.27,2.74,0.4700000000000002
2018-04-02,2.25,2.73,0.48
2018-04-03,2.28,2.79,0.5100000000000002
2018-04-04,2.28,2.79,0.5100000000000002
2018-04-05,2.3,2.83,0.5300000000000002
2018-04-06,2.27,2.77,0.5
2018-04-09,2.29,2.78,0.48999999999999977
2018-04-10,2.32,2.8,0.48
2018-04-11,2.32,2.79,0.4700000000000002
2018-04-12,2.34,2.83,0.4900000000000002
2018-04-13,2.37,2.82,0.44999999999999973
2018-04-16,2.39,2.83,0.43999999999999995
2018-04-17,2.41,2.82,0.4099999999999997
2018-04-18,2.42,2.87,0.4500000000000002
2018-04-19,2.44,2.92,0.48
2018-04-20,2.46,2.96,0.5
2018-04-23,2.49,2.98,0.48999999999999977
2018-04-24,2.48,3.0,0.52
2018-04-25,2.49,3.03,0.5399999999999996
2018-04-26,2.49,3.0,0.5099999999999998
2018-04-27,2.49,2.96,0.46999999999999975
2018-04-30,2.49,2.95,0.45999999999999996
2018-05-01,2.5,2.97,0.4700000000000002
2018-05-02,2.49,2.97,0.48
2018-05-03,2.49,2.94,0.44999999999999973
2018-05-04,2.51,2.95,0.4400000000000004
2018-05-07,2.49,2.95,0.45999999999999996
2018-05-08,2.51,2.97,0.4600000000000004
2018-05-09,2.54,3.0,0.45999999999999996
2018-05-10,2.54,2.97,0.43000000000000016
2018-05-11,2.54,2.97,0.43000000000000016
2018-05-14,2.55,3.0,0.4500000000000002
2018-05-15,2.58,3.08,0.5
2018-05-16,2.58,3.09,0.5099999999999998
2018-05-17,2.57,3.11,0.54
2018-05-18,2.55,3.06,0.5100000000000002
2018-05-21,2.58,3.06,0.48
2018-05-22,2.59,3.06,0.4700000000000002
2018-05-23,2.53,3.01,0.48
2018-05-24,2.5,2.98,0.48
2018-05-25,2.48,2.93,0.4500000000000002
2018-05-29,2.32,2.77,0.4500000000000002
2018-05-30,2.42,2.84,0.41999999999999993
2018-05-31,2.4,2.83,0.43000000000000016
2018-06-01,2.47,2.89,0.41999999999999993
2018-06-04,2.52,2.94,0.41999999999999993
2018-06-05,2.49,2.92,0.4299999999999997
2018-06-06,2.52,2.97,0.4500000000000002
2018-06-07,2.5,2.93,0.43000000000000016
2018-06-08,2.5,2.93,0.43000000000000016
2018-06-11,2.52,2.96,0.43999999999999995
2018-06-12,2.54,2.96,0.41999999999999993
2018-06-13,2.59,2.98,0.3900000000000001
2018-06-14,2.59,2.94,0.3500000000000001
2018-06-15,2.55,2.93,0.38000000000000034
2018-06-18,2.56,2.92,0.3599999999999999
2018-06-19,2.54,2.89,0.3500000000000001
2018-06-20,2.56,2.93,0.3700000000000001
2018-06-21,2.56,2.9,0.33999999999999986
2018-06-22,2.56,2.9,0.33999999999999986
2018-06-25,2.54,2.87,0.33000000000000007
2018-06-26,2.53,2.88,0.3500000000000001
2018-06-27,2.52,2.83,0.31000000000000005
2018-06-28,2.52,2.84,0.31999999999999984
2018-06-29,2.52,2.85,0.33000000000000007
2018-07-02,2.57,2.87,0.30000000000000027
2018-07-03,2.53,2.83,0.30000000000000027
2018-07-05,2.55,2.84,0.29000000000000004
2018-07-06,2.53,2.82,0.29000000000000004
2018-07-09,2.57,2.86,0.29000000000000004
2018-07-10,2.59,2.87,0.28000000000000025
2018-07-11,2.58,2.85,0.27
2018-07-12,2.6,2.85,0.25
2018-07-13,2.59,2.83,0.2400000000000002
2018-07-16,2.59,2.85,0.26000000000000023
2018-07-17,2.62,2.86,0.23999999999999977
2018-07-18,2.6,2.88,0.2799999999999998
2018-07-19,2.6,2.84,0.23999999999999977
2018-07-20,2.6,2.89,0.29000000000000004
2018-07-23,2.64,2.96,0.31999999999999984
2018-07-24,2.63,2.95,0.3200000000000003
2018-07-25,2.66,2.94,0.2799999999999998
2018-07-26,2.69,2.98,0.29000000000000004
2018-07-27,2.67,2.96,0.29000000000000004
2018-07-30,2.66,2.98,0.31999999999999984
2018-07-31,2.67,2.96,0.29000000000000004
2018-08-01,2.67,3.0,0.33000000000000007
2018-08-02,2.66,2.98,0.31999999999999984
2018-08-03,2.63,2.95,0.3200000000000003
2018-08-06,2.64,2.94,0.2999999999999998
2018-08-07,2.68,2.98,0.2999999999999998
2018-08-08,2.68,2.96,0.2799999999999998
2018-08-09,2.64,2.93,0.29000000000000004
2018-08-10,2.61,2.87,0.26000000000000023
2018-08-13,2.61,2.88,0.27
2018-08-14,2.63,2.89,0.26000000000000023
2018-08-15,2.61,2.86,0.25
2018-08-16,2.63,2.87,0.2400000000000002
2018-08-17,2.61,2.87,0.26000000000000023
2018-08-20,2.6,2.82,0.21999999999999975
2018-08-21,2.61,2.85,0.2400000000000002
2018-08-22,2.6,2.82,0.21999999999999975
2018-08-23,2.61,2.82,0.20999999999999996
2018-08-24,2.63,2.82,0.18999999999999995
2018-08-27,2.67,2.85,0.18000000000000016
2018-08-28,2.67,2.88,0.20999999999999996
2018-08-29,2.67,2.89,0.2200000000000002
2018-08-30,2.64,2.86,0.21999999999999975
2018-08-31,2.62,2.86,0.23999999999999977
2018-09-04,2.66,2.9,0.23999999999999977
2018-09-05,2.66,2.9,0.23999999999999977
2018-09-06,2.64,2.88,0.23999999999999977
2018-09-07,2.71,2.94,0.22999999999999998
2018-09-10,2.73,2.94,0.20999999999999996
2018-09-11,2.76,2.98,0.2200000000000002
2018-09-12,2.74,2.97,0.22999999999999998
2018-09-13,2.76,2.97,0.2100000000000004
2018-09-14,2.78,2.99,0.2100000000000004
2018-09-17,2.78,2.99,0.2100000000000004
2018-09-18,2.81,3.05,0.23999999999999977
2018-09-19,2.81,3.08,0.27
2018-09-20,2.81,3.07,0.2599999999999998
2018-09-21,2.81,3.07,0.2599999999999998
2018-09-24,2.83,3.08,0.25
2018-09-25,2.83,3.1,0.27
2018-09-26,2.83,3.06,0.22999999999999998
2018-09-27,2.83,3.06,0.22999999999999998
2018-09-28,2.81,3.05,0.23999999999999977
2018-10-01,2.82,3.09,0.27
2018-10-02,2.82,3.05,0.22999999999999998
2018-10-03,2.85,3.15,0.2999999999999998
2018-10-04,2.87,3.19,0.31999999999999984
2018-10-05,2.88,3.23,0.3500000000000001
2018-10-09,2.88,3.21,0.33000000000000007
2018-10-10,2.88,3.22,0.3400000000000003
2018-10-11,2.85,3.14,0.29000000000000004
2018-10-12,2.85,3.15,0.2999999999999998
2018-10-15,2.85,3.16,0.31000000000000005
2018-10-16,2.87,3.16,0.29000000000000004
2018-10-17,2.89,3.19,0.2999999999999998
2018-10-18,2.87,3.17,0.2999999999999998
2018-10-19,2.92,3.2,0.28000000000000025
2018-10-22,2.92,3.2,0.28000000000000025
2018-10-23,2.89,3.17,0.2799999999999998
2018-10-24,2.84,3.1,0.26000000000000023
2018-10-25,2.86,3.14,0.28000000000000025
2018-10-26,2.81,3.08,0.27
2018-10-29,2.81,3.08,0.27
2018-10-30,2.84,3.12,0.28000000000000025
2018-10-31,2.87,3.15,0.2799999999999998
2018-11-01,2.84,3.14,0.30000000000000027
2018-11-02,2.91,3.22,0.31000000000000005
2018-11-05,2.91,3.2,0.29000000000000004
2018-11-06,2.93,3.22,0.29000000000000004
2018-11-07,2.96,3.22,0.26000000000000023
2018-11-08,2.98,3.24,0.26000000000000023
2018-11-09,2.94,3.19,0.25
2018-11-13,2.89,3.14,0.25
2018-11-14,2.86,3.12,0.26000000000000023
2018-11-15,2.86,3.11,0.25
2018-11-16,2.81,3.08,0.27
2018-11-19,2.79,3.06,0.27
2018-11-20,2.79,3.06,0.27
2018-11-21,2.81,3.06,0.25
2018-11-23,2.81,3.05,0.23999999999999977
2018-11-26,2.84,3.07,0.22999999999999998
2018-11-27,2.83,3.06,0.22999999999999998
2018-11-28,2.81,3.06,0.25
2018-11-29,2.81,3.03,0.21999999999999975
2018-11-30,2.8,3.01,0.20999999999999996
2018-12-03,2.83,2.98,0.1499999999999999
2018-12-04,2.8,2.91,0.11000000000000032
2018-12-06,2.75,2.87,0.1200000000000001
2018-12-07,2.72,2.85,0.1299999999999999
2018-12-10,2.72,2.85,0.1299999999999999
2018-12-11,2.78,2.89,0.11000000000000032
2018-12-12,2.77,2.91,0.14000000000000012
2018-12-13,2.75,2.91,0.16000000000000014
2018-12-14,2.73,2.89,0.16000000000000014
2018-12-17,2.7,2.86,0.1599999999999997
2018-12-18,2.65,2.82,0.16999999999999993
2018-12-19,2.63,2.77,0.14000000000000012
2018-12-20,2.67,2.79,0.1200000000000001
2018-12-21,2.63,2.79,0.16000000000000014
2018-12-24,2.55,2.74,0.1900000000000004
2018-12-26,2.61,2.81,0.20000000000000018
2018-12-27,2.56,2.77,0.20999999999999996
2018-12-28,2.52,2.72,0.20000000000000018
2018-12-31,2.48,2.69,0.20999999999999996
2019-01-02,2.5,2.66,0.16000000000000014
2019-01-03,2.39,2.56,0.16999999999999993
2019-01-04,2.5,2.67,0.16999999999999993
2019-01-07,2.53,2.7,0.17000000000000037
2019-01-08,2.58,2.73,0.1499999999999999
2019-01-09,2.56,2.74,0.18000000000000016
2019-01-10,2.56,2.74,0.18000000000000016
2019-01-11,2.55,2.71,0.16000000000000014
2019-01-14,2.53,2.71,0.18000000000000016
2019-01-15,2.53,2.72,0.1900000000000004
2019-01-16,2.55,2.73,0.18000000000000016
2019-01-17,2.56,2.75,0.18999999999999995
2019-01-18,2.62,2.79,0.16999999999999993
2019-01-22,2.58,2.74,0.16000000000000014
2019-01-23,2.58,2.76,0.17999999999999972
2019-01-24,2.56,2.72,0.16000000000000014
2019-01-25,2.6,2.76,0.1599999999999997
2019-01-28,2.6,2.75,0.1499999999999999
2019-01-29,2.56,2.72,0.16000000000000014
2019-01-30,2.52,2.7,0.18000000000000016
2019-01-31,2.45,2.63,0.17999999999999972
2019-02-01,2.52,2.7,0.18000000000000016
2019-02-04,2.53,2.73,0.20000000000000018
2019-02-05,2.53,2.71,0.18000000000000016
2019-02-06,2.52,2.7,0.18000000000000016
2019-02-07,2.48,2.65,0.16999999999999993
2019-02-08,2.45,2.63,0.17999999999999972
2019-02-11,2.48,2.65,0.16999999999999993
2019-02-12,2.5,2.68,0.18000000000000016
2019-02-13,2.53,2.71,0.18000000000000016
2019-02-14,2.5,2.66,0.16000000000000014
2019-02-15,2.52,2.66,0.14000000000000012
2019-02-19,2.5,2.65,0.1499999999999999
2019-02-20,2.5,2.65,0.1499999999999999
2019-02-21,2.53,2.69,0.16000000000000014
2019-02-22,2.48,2.65,0.16999999999999993
2019-02-25,2.51,2.67,0.16000000000000014
2019-02-26,2.48,2.64,0.16000000000000014
2019-02-27,2.5,2.69,0.18999999999999995
2019-02-28,2.52,2.73,0.20999999999999996
2019-03-01,2.55,2.76,0.20999999999999996
2019-03-04,2.55,2.72,0.17000000000000037
2019-03-05,2.55,2.72,0.17000000000000037
2019-03-06,2.52,2.69,0.16999999999999993
2019-03-07,2.47,2.64,0.16999999999999993
2019-03-08,2.45,2.62,0.16999999999999993
2019-03-11,2.47,2.64,0.16999999999999993
2019-03-12,2.45,2.61,0.1599999999999997
2019-03-13,2.45,2.61,0.1599999999999997
2019-03-14,2.46,2.63,0.16999999999999993
2019-03-15,2.43,2.59,0.1599999999999997
2019-03-18,2.45,2.6,0.1499999999999999
2019-03-19,2.46,2.61,0.1499999999999999
2019-03-20,2.4,2.54,0.14000000000000012
2019-03-21,2.41,2.54,0.1299999999999999
2019-03-22,2.31,2.44,0.1299999999999999
2019-03-25,2.26,2.43,0.17000000000000037
2019-03-26,2.24,2.41,0.16999999999999993
2019-03-27,2.22,2.39,0.16999999999999993
2019-03-28,2.23,2.39,0.16000000000000014
2019-03-29,2.27,2.41,0.14000000000000012
2019-04-01,2.33,2.49,0.16000000000000014
2019-04-02,2.3,2.48,0.18000000000000016
2019-04-03,2.33,2.52,0.18999999999999995
2019-04-04,2.33,2.51,0.17999999999999972
2019-04-05,2.35,2.5,0.1499999999999999
2019-04-08,2.36,2.52,0.16000000000000014
2019-04-09,2.35,2.51,0.1599999999999997
2019-04-10,2.31,2.48,0.16999999999999993
2019-04-11,2.35,2.51,0.1599999999999997
2019-04-12,2.4,2.56,0.16000000000000014
2019-04-15,2.4,2.55,0.1499999999999999
2019-04-16,2.41,2.6,0.18999999999999995
2019-04-17,2.4,2.59,0.18999999999999995
2019-04-18,2.38,2.57,0.18999999999999995
2019-04-22,2.38,2.59,0.20999999999999996
2019-04-23,2.36,2.57,0.20999999999999996
2019-04-24,2.32,2.53,0.20999999999999996
2019-04-25,2.33,2.54,0.20999999999999996
2019-04-26,2.28,2.51,0.22999999999999998
2019-04-29,2.3,2.54,0.2400000000000002
2019-04-30,2.27,2.51,0.23999999999999977
2019-05-01,2.31,2.52,0.20999999999999996
2019-05-02,2.35,2.55,0.19999999999999973
2019-05-03,2.33,2.54,0.20999999999999996
2019-05-06,2.31,2.51,0.19999999999999973
2019-05-07,2.28,2.45,0.17000000000000037
2019-05-08,2.3,2.49,0.1900000000000004
2019-05-09,2.26,2.45,0.1900000000000004
2019-05-10,2.26,2.47,0.2100000000000004
2019-05-13,2.18,2.4,0.21999999999999975
2019-05-14,2.2,2.42,0.21999999999999975
2019-05-15,2.16,2.37,0.20999999999999996
2019-05-16,2.2,2.4,0.19999999999999973
2019-05-17,2.2,2.39,0.18999999999999995
2019-05-20,2.21,2.41,0.20000000000000018
2019-05-21,2.26,2.43,0.17000000000000037
2019-05-22,2.23,2.39,0.16000000000000014
2019-05-23,2.12,2.31,0.18999999999999995
2019-05-24,2.16,2.32,0.1599999999999997
2019-05-28,2.12,2.26,0.13999999999999968
2019-05-29,2.09,2.25,0.16000000000000014
2019-05-30,2.06,2.22,0.16000000000000014
2019-05-31,1.95,2.14,0.19000000000000017
2019-06-03,1.82,2.07,0.24999999999999978
2019-06-04,1.88,2.12,0.2400000000000002
2019-06-05,1.83,2.12,0.29000000000000004
2019-06-06,1.88,2.12,0.2400000000000002
2019-06-07,1.85,2.09,0.23999999999999977
2019-06-10,1.9,2.15,0.25
2019-06-11,1.93,2.15,0.21999999999999997
2019-06-12,1.88,2.13,0.25
2019-06-13,1.83,2.1,0.27
2019-06-14,1.84,2.09,0.24999999999999978
2019-06-17,1.86,2.09,0.22999999999999976
2019-06-18,1.86,2.06,0.19999999999999996
2019-06-19,1.74,2.03,0.2899999999999998
2019-06-20,1.72,2.01,0.2899999999999998
2019-06-21,1.77,2.07,0.2999999999999998
2019-06-24,1.72,2.02,0.30000000000000004
2019-06-25,1.71,2.0,0.29000000000000004
2019-06-26,1.77,2.05,0.2799999999999998
2019-06-27,1.74,2.01,0.2699999999999998
2019-06-28,1.75,2.0,0.25
2019-07-01,1.78,2.03,0.24999999999999978
2019-07-02,1.77,1.98,0.20999999999999996
2019-07-03,1.77,1.96,0.18999999999999995
2019-07-05,1.87,2.04,0.16999999999999993
2019-07-08,1.88,2.05,0.16999999999999993
2019-07-09,1.92,2.07,0.1499999999999999
2019-07-10,1.82,2.07,0.24999999999999978
2019-07-11,1.85,2.13,0.2799999999999998
2019-07-12,1.84,2.12,0.28
2019-07-15,1.83,2.09,0.2599999999999998
2019-07-16,1.87,2.13,0.2599999999999998
2019-07-17,1.83,2.06,0.22999999999999998
2019-07-18,1.77,2.04,0.27
2019-07-19,1.8,2.05,0.24999999999999978
2019-07-22,1.8,2.05,0.24999999999999978
2019-07-23,1.83,2.08,0.25
2019-07-24,1.83,2.05,0.21999999999999975
2019-07-25,1.86,2.08,0.21999999999999997
2019-07-26,1.86,2.08,0.21999999999999997
2019-07-29,1.85,2.06,0.20999999999999996
2019-07-30,1.85,2.06,0.20999999999999996
2019-07-31,1.89,2.02,0.13000000000000012
2019-08-01,1.73,1.9,0.16999999999999993
2019-08-02,1.72,1.86,0.14000000000000012
2019-08-05,1.59,1.75,0.15999999999999992
2019-08-06,1.6,1.73,0.1299999999999999
2019-08-07,1.59,1.71,0.11999999999999988
2019-08-08,1.62,1.72,0.09999999999999987
2019-08-09,1.63,1.74,0.1100000000000001
2019-08-12,1.58,1.65,0.06999999999999984
2019-08-13,1.66,1.68,0.020000000000000018
2019-08-14,1.58,1.59,0.010000000000000009
2019-08-15,1.48,1.52,0.040000000000000036
2019-08-16,1.48,1.55,0.07000000000000006
2019-08-19,1.53,1.6,0.07000000000000006
2019-08-20,1.5,1.55,0.050000000000000044
2019-08-21,1.56,1.59,0.030000000000000027
2019-08-22,1.61,1.62,0.010000000000000009
2019-08-23,1.51,1.52,0.010000000000000009
2019-08-26,1.54,1.54,0.0
2019-08-27,1.53,1.49,-0.040000000000000036
2019-08-28,1.5,1.47,-0.030000000000000027
2019-08-29,1.53,1.5,-0.030000000000000027
2019-08-30,1.5,1.5,0.0
2019-09-03,1.47,1.47,0.0
2019-09-04,1.43,1.47,0.040000000000000036
2019-09-05,1.55,1.57,0.020000000000000018
2019-09-06,1.53,1.55,0.020000000000000018
2019-09-09,1.58,1.63,0.04999999999999982
2019-09-10,1.67,1.72,0.050000000000000044
2019-09-11,1.68,1.75,0.07000000000000006
2019-09-12,1.72,1.79,0.07000000000000006
2019-09-13,1.79,1.9,0.10999999999999988
2019-09-16,1.74,1.84,0.10000000000000009
2019-09-17,1.72,1.81,0.09000000000000008
2019-09-18,1.77,1.8,0.030000000000000027
2019-09-19,1.74,1.79,0.050000000000000044
2019-09-20,1.69,1.74,0.050000000000000044
2019-09-23,1.68,1.72,0.040000000000000036
2019-09-24,1.6,1.64,0.039999999999999813
2019-09-25,1.68,1.73,0.050000000000000044
2019-09-26,1.66,1.7,0.040000000000000036
2019-09-27,1.63,1.69,0.06000000000000005
2019-09-30,1.63,1.68,0.050000000000000044
2019-10-01,1.56,1.65,0.08999999999999986
2019-10-02,1.48,1.6,0.1200000000000001
2019-10-03,1.39,1.54,0.15000000000000013
2019-10-04,1.4,1.52,0.1200000000000001
2019-10-07,1.46,1.56,0.10000000000000009
2019-10-08,1.42,1.54,0.1200000000000001
2019-10-09,1.47,1.59,0.1200000000000001
2019-10-10,1.53,1.67,0.1399999999999999
2019-10-11,1.63,1.76,0.13000000000000012
2019-10-15,1.61,1.77,0.15999999999999992
2019-10-16,1.58,1.75,0.16999999999999993
2019-10-17,1.6,1.76,0.15999999999999992
2019-10-18,1.58,1.76,0.17999999999999994
2019-10-21,1.62,1.8,0.17999999999999994
2019-10-22,1.6,1.78,0.17999999999999994
2019-10-23,1.58,1.77,0.18999999999999995
2019-10-24,1.58,1.77,0.18999999999999995
2019-10-25,1.63,1.8,0.17000000000000015
2019-10-28,1.64,1.85,0.2100000000000002
2019-10-29,1.64,1.84,0.20000000000000018
2019-10-30,1.61,1.78,0.16999999999999993
2019-10-31,1.52,1.69,0.16999999999999993
2019-11-01,1.56,1.73,0.16999999999999993
2019-11-04,1.6,1.79,0.18999999999999995
2019-11-05,1.63,1.86,0.2300000000000002
2019-11-06,1.61,1.81,0.19999999999999996
2019-11-07,1.68,1.92,0.24
2019-11-08,1.68,1.94,0.26
2019-11-12,1.66,1.92,0.26
2019-11-13,1.63,1.88,0.25
2019-11-14,1.58,1.82,0.24
2019-11-15,1.61,1.84,0.22999999999999998
2019-11-18,1.6,1.81,0.20999999999999996
2019-11-19,1.6,1.79,0.18999999999999995
2019-11-20,1.56,1.73,0.16999999999999993
2019-11-21,1.6,1.77,0.16999999999999993
2019-11-22,1.61,1.77,0.15999999999999992
2019-11-25,1.61,1.76,0.1499999999999999
2019-11-26,1.58,1.74,0.15999999999999992
2019-11-27,1.63,1.77,0.14000000000000012
2019-11-29,1.61,1.78,0.16999999999999993
2019-12-02,1.61,1.83,0.21999999999999997
2019-12-03,1.53,1.72,0.18999999999999995
2019-12-04,1.58,1.77,0.18999999999999995
2019-12-05,1.58,1.8,0.21999999999999997
2019-12-06,1.61,1.84,0.22999999999999998
2019-12-09,1.63,1.83,0.20000000000000018
2019-12-10,1.65,1.85,0.20000000000000018
2019-12-11,1.61,1.79,0.17999999999999994
2019-12-12,1.66,1.9,0.24
2019-12-13,1.61,1.82,0.20999999999999996
2019-12-16,1.65,1.89,0.24
2019-12-17,1.63,1.89,0.26
2019-12-18,1.63,1.92,0.29000000000000004
2019-12-19,1.62,1.92,0.2999999999999998
2019-12-20,1.63,1.92,0.29000000000000004
2019-12-23,1.64,1.93,0.29000000000000004
2019-12-24,1.62,1.9,0.2799999999999998
2019-12-26,1.64,1.9,0.26
2019-12-27,1.59,1.88,0.2899999999999998
2019-12-30,1.58,1.9,0.31999999999999984
2019-12-31,1.58,1.92,0.33999999999999986
2020-01-02,1.58,1.88,0.2999999999999998
2020-01-03,1.53,1.8,0.27
2020-01-06,1.54,1.81,0.27
2020-01-07,1.54,1.83,0.29000000000000004
2020-01-08,1.58,1.87,0.29000000000000004
2020-01-09,1.58,1.85,0.27
2020-01-10,1.56,1.83,0.27
2020-01-13,1.58,1.85,0.27
2020-01-14,1.58,1.82,0.24
2020-01-15,1.56,1.79,0.22999999999999998
2020-01-16,1.58,1.81,0.22999999999999998
2020-01-17,1.58,1.84,0.26
2020-01-21,1.53,1.78,0.25
2020-01-22,1.53,1.77,0.24
2020-01-23,1.51,1.74,0.22999999999999998
2020-01-24,1.49,1.7,0.20999999999999996
2020-01-27,1.44,1.61,0.17000000000000015
2020-01-28,1.45,1.65,0.19999999999999996
2020-01-29,1.42,1.6,0.18000000000000016
2020-01-30,1.41,1.57,0.16000000000000014
2020-01-31,1.33,1.51,0.17999999999999994
2020-02-03,1.36,1.54,0.17999999999999994
2020-02-04,1.41,1.61,0.20000000000000018
2020-02-05,1.44,1.66,0.21999999999999997
2020-02-06,1.44,1.65,0.20999999999999996
2020-02-07,1.41,1.59,0.18000000000000016
2020-02-10,1.37,1.56,0.18999999999999995
2020-02-11,1.41,1.59,0.18000000000000016
2020-02-12,1.44,1.62,0.18000000000000016
2020-02-13,1.44,1.61,0.17000000000000015
2020-02-14,1.42,1.59,0.17000000000000015
2020-02-18,1.41,1.55,0.14000000000000012
2020-02-19,1.42,1.56,0.14000000000000012
2020-02-20,1.39,1.52,0.13000000000000012
2020-02-21,1.34,1.46,0.11999999999999988
2020-02-24,1.26,1.38,0.11999999999999988
2020-02-25,1.2,1.33,0.13000000000000012
2020-02-26,1.16,1.33,0.17000000000000015
2020-02-27,1.11,1.3,0.18999999999999995
2020-02-28,0.86,1.13,0.2699999999999999
2020-03-02,0.84,1.1,0.2600000000000001
2020-03-03,0.71,1.02,0.31000000000000005
2020-03-04,0.67,1.02,0.35
2020-03-05,0.59,0.92,0.33000000000000007
2020-03-06,0.49,0.74,0.25
2020-03-09,0.38,0.54,0.16000000000000003
2020-03-10,0.5,0.76,0.26
2020-03-11,0.5,0.82,0.31999999999999995
2020-03-12,0.5,0.88,0.38
2020-03-13,0.49,0.94,0.44999999999999996
2020-03-16,0.36,0.73,0.37
2020-03-17,0.47,1.02,0.55
2020-03-18,0.54,1.18,0.6399999999999999
2020-03-19,0.44,1.12,0.6800000000000002
2020-03-20,0.37,0.92,0.55
2020-03-23,0.28,0.76,0.48
2020-03-24,0.38,0.84,0.45999999999999996
2020-03-25,0.34,0.88,0.54
2020-03-26,0.3,0.83,0.53
2020-03-27,0.25,0.72,0.47
2020-03-30,0.23,0.7,0.47
2020-03-31,0.23,0.7,0.47
2020-04-01,0.23,0.62,0.39
2020-04-02,0.23,0.63,0.4
2020-04-03,0.23,0.62,0.39
2020-04-06,0.27,0.67,0.4
2020-04-07,0.28,0.75,0.47
2020-04-08,0.27,0.77,0.5
2020-04-09,0.23,0.73,0.5
2020-04-13,0.25,0.76,0.51
2020-04-14,0.23,0.76,0.53
2020-04-15,0.2,0.63,0.43
2020-04-16,0.2,0.61,0.41
2020-04-17,0.2,0.65,0.45
2020-04-20,0.2,0.63,0.43
2020-04-21,0.2,0.58,0.37999999999999995
2020-04-22,0.22,0.63,0.41000000000000003
2020-04-23,0.22,0.61,0.39
2020-04-24,0.22,0.6,0.38
2020-04-27,0.24,0.67,0.43000000000000005
2020-04-28,0.2,0.62,0.42
2020-04-29,0.2,0.63,0.43
2020-04-30,0.2,0.64,0.44
2020-05-01,0.2,0.64,0.44
2020-05-04,0.19,0.64,0.45
2020-05-05,0.19,0.66,0.47000000000000003
2020-05-06,0.17,0.72,0.5499999999999999
2020-05-07,0.13,0.63,0.5
2020-05-08,0.16,0.69,0.5299999999999999
2020-05-11,0.17,0.73,0.5599999999999999
2020-05-12,0.17,0.69,0.5199999999999999
2020-05-13,0.16,0.64,0.48
2020-05-14,0.16,0.63,0.47
2020-05-15,0.16,0.64,0.48
2020-05-18,0.18,0.73,0.55
2020-05-19,0.17,0.7,0.5299999999999999
2020-05-20,0.16,0.68,0.52
2020-05-21,0.17,0.68,0.51
2020-05-22,0.17,0.66,0.49
2020-05-26,0.18,0.69,0.51
2020-05-27,0.19,0.68,0.49000000000000005
2020-05-28,0.17,0.7,0.5299999999999999
2020-05-29,0.16,0.65,0.49
2020-06-01,0.14,0.66,0.52
2020-06-02,0.17,0.68,0.51
2020-06-03,0.19,0.77,0.5800000000000001
2020-06-04,0.19,0.82,0.6299999999999999
2020-06-05,0.22,0.91,0.6900000000000001
2020-06-08,0.22,0.88,0.66
2020-06-09,0.2,0.84,0.6399999999999999
2020-06-10,0.17,0.75,0.58
2020-06-11,0.19,0.66,0.47000000000000003
2020-06-12,0.19,0.71,0.52
2020-06-15,0.19,0.71,0.52
2020-06-16,0.21,0.75,0.54
2020-06-17,0.19,0.74,0.55
2020-06-18,0.19,0.71,0.52
2020-06-19,0.19,0.7,0.51
2020-06-22,0.19,0.71,0.52
2020-06-23,0.18,0.72,0.54
2020-06-24,0.19,0.69,0.49999999999999994
2020-06-25,0.17,0.68,0.51
2020-06-26,0.17,0.64,0.47
2020-06-29,0.16,0.64,0.48
2020-06-30,0.16,0.66,0.5
2020-07-01,0.17,0.69,0.5199999999999999
2020-07-02,0.16,0.68,0.52
2020-07-06,0.16,0.69,0.5299999999999999
2020-07-07,0.16,0.65,0.49
2020-07-08,0.16,0.67,0.51
2020-07-09,0.16,0.62,0.45999999999999996
2020-07-10,0.16,0.65,0.49
2020-07-13,0.16,0.64,0.48
2020-07-14,0.14,0.63,0.49
2020-07-15,0.16,0.64,0.48
2020-07-16,0.16,0.62,0.45999999999999996
2020-07-17,0.14,0.64,0.5
2020-07-20,0.16,0.62,0.45999999999999996
2020-07-21,0.14,0.61,0.47
2020-07-22,0.14,0.6,0.45999999999999996
2020-07-23,0.16,0.59,0.42999999999999994
2020-07-24,0.14,0.59,0.44999999999999996
2020-07-27,0.15,0.62,0.47
2020-07-28,0.14,0.59,0.44999999999999996
2020-07-29,0.12,0.58,0.45999999999999996
2020-07-30,0.11,0.55,0.44000000000000006
2020-07-31,0.11,0.55,0.44000000000000006
2020-08-03,0.11,0.56,0.45000000000000007
2020-08-04,0.11,0.52,0.41000000000000003
2020-08-05,0.11,0.55,0.44000000000000006
2020-08-06,0.11,0.55,0.44000000000000006
2020-08-07,0.13,0.57,0.43999999999999995
2020-08-10,0.14,0.59,0.44999999999999996
2020-08-11,0.16,0.64,0.48
2020-08-12,0.16,0.69,0.5299999999999999
2020-08-13,0.16,0.71,0.5499999999999999
2020-08-14,0.14,0.71,0.57
2020-08-17,0.14,0.69,0.5499999999999999
2020-08-18,0.14,0.67,0.53
2020-08-19,0.14,0.68,0.54
2020-08-20,0.13,0.65,0.52
2020-08-21,0.16,0.64,0.48
2020-08-24,0.14,0.65,0.51
2020-08-25,0.15,0.69,0.5399999999999999
2020-08-26,0.16,0.69,0.5299999999999999
2020-08-27,0.16,0.74,0.58
2020-08-28,0.14,0.74,0.6
2020-08-31,0.14,0.72,0.58
2020-09-01,0.13,0.68,0.55
2020-09-02,0.14,0.66,0.52
2020-09-03,0.13,0.63,0.5
2020-09-04,0.14,0.72,0.58
2020-09-08,0.14,0.69,0.5499999999999999
2020-09-09,0.14,0.71,0.57
2020-09-10,0.14,0.68,0.54
2020-09-11,0.13,0.67,0.54
2020-09-14,0.14,0.68,0.54
2020-09-15,0.14,0.68,0.54
2020-09-16,0.14,0.69,0.5499999999999999
2020-09-17,0.13,0.69,0.5599999999999999
2020-09-18,0.14,0.7,0.5599999999999999
2020-09-21,0.14,0.68,0.54
2020-09-22,0.13,0.68,0.55
2020-09-23,0.14,0.68,0.54
2020-09-24,0.14,0.67,0.53
2020-09-25,0.12,0.66,0.54
2020-09-28,0.14,0.67,0.53
2020-09-29,0.11,0.66,0.55
2020-09-30,0.13,0.69,0.5599999999999999
2020-10-01,0.14,0.68,0.54
2020-10-02,0.13,0.7,0.57
2020-10-05,0.14,0.78,0.64
2020-10-06,0.14,0.76,0.62
2020-10-07,0.16,0.81,0.65
2020-10-08,0.13,0.78,0.65
2020-10-09,0.16,0.79,0.63
2020-10-13,0.16,0.74,0.58
2020-10-14,0.14,0.73,0.59
2020-10-15,0.14,0.74,0.6
2020-10-16,0.14,0.76,0.62
2020-10-19,0.16,0.78,0.62
2020-10-20,0.14,0.81,0.67
2020-10-21,0.14,0.83,0.69
2020-10-22,0.16,0.87,0.71
2020-10-23,0.18,0.85,0.6699999999999999
2020-10-26,0.16,0.81,0.65
2020-10-27,0.16,0.79,0.63
2020-10-28,0.16,0.79,0.63
2020-10-29,0.16,0.85,0.69
2020-10-30,0.14,0.88,0.74
2020-11-02,0.16,0.87,0.71
2020-11-03,0.17,0.9,0.73
2020-11-04,0.14,0.78,0.64
2020-11-05,0.14,0.79,0.65
2020-11-06,0.16,0.83,0.6699999999999999
2020-11-09,0.17,0.96,0.7899999999999999
2020-11-10,0.19,0.98,0.79
2020-11-12,0.17,0.88,0.71
2020-11-13,0.17,0.89,0.72
2020-11-16,0.19,0.91,0.72
2020-11-17,0.18,0.87,0.69
2020-11-18,0.16,0.88,0.72
2020-11-19,0.18,0.86,0.6799999999999999
2020-11-20,0.16,0.83,0.6699999999999999
2020-11-23,0.16,0.86,0.7
2020-11-24,0.16,0.88,0.72
2020-11-25,0.17,0.88,0.71
2020-11-27,0.16,0.84,0.6799999999999999
2020-11-30,0.16,0.84,0.6799999999999999
2020-12-01,0.17,0.92,0.75
2020-12-02,0.16,0.95,0.7899999999999999
2020-12-03,0.16,0.92,0.76
2020-12-04,0.16,0.97,0.8099999999999999
2020-12-07,0.14,0.94,0.7999999999999999
2020-12-08,0.14,0.92,0.78
2020-12-09,0.16,0.95,0.7899999999999999
2020-12-10,0.14,0.92,0.78
2020-12-11,0.11,0.9,0.79
2020-12-14,0.13,0.9,0.77
2020-12-15,0.11,0.92,0.81
2020-12-16,0.13,0.92,0.79
2020-12-17,0.13,0.94,0.8099999999999999
2020-12-18,0.13,0.95,0.82
2020-12-21,0.13,0.95,0.82
2020-12-22,0.13,0.93,0.8
2020-12-23,0.13,0.96,0.83
2020-12-24,0.13,0.94,0.8099999999999999
2020-12-28,0.13,0.94,0.8099999999999999
2020-12-29,0.12,0.94,0.82
2020-12-30,0.12,0.93,0.81
2020-12-31,0.13,0.93,0.8
2021-01-04,0.11,0.93,0.8200000000000001
2021-01-05,0.13,0.96,0.83
2021-01-06,0.14,1.04,0.9
2021-01-07,0.14,1.08,0.9400000000000001
2021-01-08,0.14,1.13,0.9899999999999999
2021-01-11,0.14,1.15,1.0099999999999998
2021-01-12,0.14,1.15,1.0099999999999998
2021-01-13,0.14,1.1,0.9600000000000001
2021-01-14,0.16,1.15,0.9899999999999999
2021-01-15,0.13,1.11,0.9800000000000001
2021-01-19,0.14,1.1,0.9600000000000001
2021-01-20,0.13,1.1,0.9700000000000001
2021-01-21,0.13,1.12,0.9900000000000001
2021-01-22,0.13,1.1,0.9700000000000001
2021-01-25,0.13,1.05,0.92
2021-01-26,0.11,1.05,0.9400000000000001
2021-01-27,0.12,1.04,0.92
2021-01-28,0.12,1.07,0.9500000000000001
2021-01-29,0.11,1.11,1.0
2021-02-01,0.11,1.09,0.9800000000000001
2021-02-02,0.11,1.12,1.01
2021-02-03,0.11,1.15,1.0399999999999998
2021-02-04,0.11,1.15,1.0399999999999998
2021-02-05,0.09,1.19,1.0999999999999999
2021-02-08,0.11,1.19,1.0799999999999998
2021-02-09,0.11,1.18,1.0699999999999998
2021-02-10,0.11,1.15,1.0399999999999998
2021-02-11,0.11,1.16,1.0499999999999998
2021-02-12,0.11,1.2,1.0899999999999999
2021-02-16,0.13,1.3,1.17
2021-02-17,0.11,1.29,1.18
2021-02-18,0.11,1.29,1.18
2021-02-19,0.11,1.34,1.23
2021-02-22,0.11,1.37,1.26
2021-02-23,0.11,1.37,1.26
2021-02-24,0.12,1.38,1.2599999999999998
2021-02-25,0.17,1.54,1.37
2021-02-26,0.14,1.44,1.2999999999999998
2021-03-01,0.13,1.45,1.3199999999999998
2021-03-02,0.13,1.42,1.29
2021-03-03,0.14,1.47,1.33
2021-03-04,0.14,1.54,1.4
2021-03-05,0.14,1.56,1.42
2021-03-08,0.17,1.59,1.4200000000000002
2021-03-09,0.17,1.55,1.3800000000000001
2021-03-10,0.16,1.53,1.37
2021-03-11,0.14,1.54,1.4
2021-03-12,0.14,1.64,1.5
2021-03-15,0.14,1.62,1.48
2021-03-16,0.15,1.62,1.4700000000000002
2021-03-17,0.13,1.63,1.5
2021-03-18,0.16,1.71,1.55
2021-03-19,0.16,1.74,1.58
2021-03-22,0.15,1.69,1.54
2021-03-23,0.15,1.63,1.48
2021-03-24,0.14,1.62,1.48
2021-03-25,0.14,1.63,1.4899999999999998
2021-03-26,0.14,1.67,1.5299999999999998
2021-03-29,0.14,1.73,1.5899999999999999
2021-03-30,0.16,1.73,1.57
2021-03-31,0.16,1.74,1.58
2021-04-01,0.17,1.69,1.52
2021-04-02,0.19,1.72,1.53
2021-04-05,0.17,1.73,1.56
2021-04-06,0.16,1.67,1.51
2021-04-07,0.16,1.68,1.52
2021-04-08,0.14,1.64,1.5
2021-04-09,0.16,1.67,1.51
2021-04-12,0.18,1.69,1.51
2021-04-13,0.16,1.64,1.48
2021-04-14,0.16,1.64,1.48
2021-04-15,0.16,1.56,1.4000000000000001
2021-04-16,0.16,1.59,1.4300000000000002
2021-04-19,0.16,1.61,1.4500000000000002
2021-04-20,0.15,1.58,1.4300000000000002
2021-04-21,0.15,1.57,1.4200000000000002
2021-04-22,0.16,1.57,1.4100000000000001
2021-04-23,0.16,1.58,1.4200000000000002
2021-04-26,0.18,1.58,1.4000000000000001
2021-04-27,0.17,1.63,1.46
2021-04-28,0.17,1.63,1.46
2021-04-29,0.16,1.65,1.49
2021-04-30,0.16,1.65,1.49
2021-05-03,0.16,1.63,1.47
2021-05-04,0.16,1.61,1.4500000000000002
2021-05-05,0.16,1.59,1.4300000000000002
2021-05-06,0.16,1.58,1.4200000000000002
2021-05-07,0.14,1.6,1.46
2021-05-10,0.16,1.63,1.47
2021-05-11,0.16,1.64,1.48
2021-05-12,0.16,1.69,1.53
2021-05-13,0.16,1.66,1.5
2021-05-14,0.16,1.63,1.47
2021-05-17,0.16,1.64,1.48
2021-05-18,0.16,1.64,1.48
2021-05-19,0.16,1.68,1.52
2021-05-20,0.15,1.63,1.48
2021-05-21,0.17,1.63,1.46
2021-05-24,0.15,1.61,1.4600000000000002
2021-05-25,0.15,1.56,1.4100000000000001
2021-05-26,0.14,1.58,1.44
2021-05-27,0.14,1.61,1.4700000000000002
2021-05-28,0.14,1.58,1.44
2021-06-01,0.16,1.62,1.4600000000000002
2021-06-02,0.13,1.59,1.46
2021-06-03,0.16,1.63,1.47
2021-06-04,0.14,1.56,1.42
2021-06-07,0.16,1.57,1.4100000000000001
2021-06-08,0.14,1.53,1.3900000000000001
2021-06-09,0.16,1.5,1.34
2021-06-10,0.14,1.45,1.31
2021-06-11,0.16,1.47,1.31
2021-06-14,0.16,1.51,1.35
2021-06-15,0.16,1.51,1.35
2021-06-16,0.21,1.57,1.36
2021-06-17,0.23,1.52,1.29
2021-06-18,0.26,1.45,1.19
2021-06-21,0.27,1.5,1.23
2021-06-22,0.25,1.48,1.23
2021-06-23,0.26,1.5,1.24
2021-06-24,0.26,1.49,1.23
2021-06-25,0.28,1.54,1.26
2021-06-28,0.25,1.49,1.24
2021-06-29,0.27,1.49,1.22
2021-06-30,0.25,1.45,1.2
2021-07-01,0.25,1.48,1.23
2021-07-02,0.24,1.44,1.2
2021-07-06,0.22,1.37,1.1500000000000001
2021-07-07,0.22,1.33,1.11
2021-07-08,0.19,1.3,1.11
2021-07-09,0.23,1.37,1.1400000000000001
2021-07-12,0.23,1.38,1.15
2021-07-13,0.26,1.42,1.16
2021-07-14,0.23,1.37,1.1400000000000001
2021-07-15,0.23,1.31,1.08
2021-07-16,0.25,1.31,1.06
2021-07-19,0.21,1.19,0.98
2021-07-20,0.2,1.23,1.03
2021-07-21,0.22,1.3,1.08
2021-07-22,0.2,1.27,1.07
2021-07-23,0.22,1.3,1.08
2021-07-26,0.22,1.29,1.07
2021-07-27,0.2,1.25,1.05
2021-07-28,0.2,1.26,1.06
2021-07-29,0.2,1.28,1.08
2021-07-30,0.19,1.24,1.05
2021-08-02,0.17,1.2,1.03
2021-08-03,0.17,1.19,1.02
2021-08-04,0.17,1.19,1.02
2021-08-05,0.21,1.23,1.02
2021-08-06,0.21,1.31,1.1
2021-08-09,0.23,1.33,1.1
2021-08-10,0.24,1.36,1.12
2021-08-11,0.23,1.35,1.12
2021-08-12,0.23,1.36,1.1300000000000001
2021-08-13,0.23,1.29,1.06
2021-08-16,0.21,1.26,1.05
2021-08-17,0.23,1.26,1.03
2021-08-18,0.23,1.27,1.04
2021-08-19,0.22,1.24,1.02
2021-08-20,0.23,1.26,1.03
2021-08-23,0.23,1.25,1.02
2021-08-24,0.24,1.29,1.05
2021-08-25,0.23,1.35,1.12
2021-08-26,0.25,1.34,1.09
2021-08-27,0.22,1.31,1.09
2021-08-30,0.2,1.29,1.09
2021-08-31,0.2,1.3,1.1
2021-09-01,0.2,1.31,1.11
2021-09-02,0.2,1.29,1.09
2021-09-03,0.21,1.33,1.12
2021-09-07,0.22,1.38,1.16
2021-09-08,0.22,1.35,1.1300000000000001
2021-09-09,0.23,1.3,1.07
2021-09-10,0.23,1.35,1.12
2021-09-13,0.21,1.33,1.12
2021-09-14,0.21,1.28,1.07
2021-09-15,0.21,1.31,1.1
2021-09-16,0.23,1.34,1.11
2021-09-17,0.23,1.37,1.1400000000000001
2021-09-20,0.23,1.31,1.08
2021-09-21,0.22,1.33,1.11
2021-09-22,0.25,1.32,1.07
2021-09-23,0.27,1.41,1.14
2021-09-24,0.29,1.47,1.18
2021-09-27,0.31,1.48,1.17
2021-09-28,0.31,1.54,1.23
2021-09-29,0.3,1.55,1.25
2021-09-30,0.28,1.52,1.24
2021-10-01,0.27,1.48,1.21
2021-10-04,0.27,1.49,1.22
2021-10-05,0.28,1.54,1.26
2021-10-06,0.3,1.53,1.23
2021-10-07,0.32,1.58,1.26
2021-10-08,0.32,1.61,1.29
2021-10-12,0.35,1.59,1.2400000000000002
2021-10-13,0.37,1.56,1.19
2021-10-14,0.36,1.52,1.1600000000000001
2021-10-15,0.41,1.59,1.1800000000000002
2021-10-18,0.44,1.59,1.1500000000000001
2021-10-19,0.41,1.65,1.24
2021-10-20,0.4,1.65,1.25
2021-10-21,0.45,1.68,1.23
2021-10-22,0.48,1.66,1.18
2021-10-25,0.47,1.64,1.17
2021-10-26,0.47,1.63,1.16
2021-10-27,0.5,1.54,1.04
2021-10-28,0.5,1.57,1.07
2021-10-29,0.48,1.55,1.07
2021-11-01,0.5,1.58,1.08
2021-11-02,0.46,1.56,1.1
2021-11-03,0.47,1.6,1.1300000000000001
2021-11-04,0.41,1.53,1.12
2021-11-05,0.39,1.45,1.06
2021-11-08,0.45,1.51,1.06
2021-11-09,0.41,1.46,1.05
2021-11-10,0.51,1.56,1.05
2021-11-12,0.53,1.58,1.05
2021-11-15,0.53,1.63,1.0999999999999999
2021-11-16,0.54,1.63,1.0899999999999999
2021-11-17,0.52,1.6,1.08
2021-11-18,0.52,1.59,1.07
2021-11-19,0.52,1.54,1.02
2021-11-22,0.63,1.63,0.9999999999999999
2021-11-23,0.6,1.67,1.0699999999999998
2021-11-24,0.64,1.64,0.9999999999999999
2021-11-26,0.5,1.48,0.98
2021-11-29,0.51,1.52,1.01
2021-11-30,0.52,1.43,0.9099999999999999
2021-12-01,0.56,1.43,0.8699999999999999
2021-12-02,0.63,1.44,0.8099999999999999
2021-12-03,0.6,1.35,0.7500000000000001
2021-12-06,0.65,1.43,0.7799999999999999
2021-12-07,0.7,1.48,0.78
2021-12-08,0.68,1.52,0.84
2021-12-09,0.7,1.49,0.79
2021-12-10,0.67,1.48,0.8099999999999999
2021-12-13,0.66,1.42,0.7599999999999999
2021-12-14,0.67,1.44,0.7699999999999999
2021-12-15,0.69,1.47,0.78
2021-12-16,0.64,1.44,0.7999999999999999
2021-12-17,0.66,1.41,0.7499999999999999
2021-12-20,0.65,1.43,0.7799999999999999
2021-12-21,0.7,1.48,0.78
2021-12-22,0.68,1.46,0.7799999999999999
2021-12-23,0.71,1.5,0.79
2021-12-27,0.76,1.48,0.72
2021-12-28,0.74,1.49,0.75
2021-12-29,0.75,1.55,0.8
2021-12-30,0.73,1.52,0.79
2021-12-31,0.73,1.52,0.79
2022-01-03,0.78,1.63,0.8499999999999999
2022-01-04,0.77,1.66,0.8899999999999999
2022-01-05,0.83,1.71,0.88
2022-01-06,0.88,1.73,0.85
2022-01-07,0.87,1.76,0.89
2022-01-10,0.92,1.78,0.86
2022-01-11,0.9,1.75,0.85
2022-01-12,0.92,1.74,0.82
2022-01-13,0.91,1.7,0.7899999999999999
2022-01-14,0.99,1.78,0.79
2022-01-18,1.06,1.87,0.81
2022-01-19,1.04,1.83,0.79
2022-01-20,1.08,1.83,0.75
2022-01-21,1.01,1.75,0.74
2022-01-24,0.99,1.75,0.76
2022-01-25,1.02,1.78,0.76
2022-01-26,1.13,1.85,0.7200000000000002
2022-01-27,1.18,1.81,0.6300000000000001
2022-01-28,1.15,1.78,0.6300000000000001
2022-01-31,1.18,1.79,0.6100000000000001
2022-02-01,1.18,1.81,0.6300000000000001
2022-02-02,1.16,1.78,0.6200000000000001
2022-02-03,1.19,1.82,0.6300000000000001
2022-02-04,1.31,1.93,0.6199999999999999
2022-02-07,1.3,1.92,0.6199999999999999
2022-02-08,1.35,1.96,0.6099999999999999
2022-02-09,1.36,1.94,0.5799999999999998
2022-02-10,1.61,2.03,0.4199999999999997
2022-02-11,1.5,1.92,0.41999999999999993
2022-02-14,1.58,1.98,0.3999999999999999
2022-02-15,1.58,2.05,0.46999999999999975
2022-02-16,1.52,2.03,0.5099999999999998
2022-02-17,1.49,1.97,0.48
2022-02-18,1.47,1.92,0.44999999999999996
2022-02-22,1.56,1.94,0.3799999999999999
2022-02-23,1.58,1.99,0.4099999999999999
2022-02-24,1.54,1.96,0.41999999999999993
2022-02-25,1.55,1.97,0.41999999999999993
2022-02-28,1.44,1.83,0.3900000000000001
2022-03-01,1.31,1.72,0.4099999999999999
2022-03-02,1.5,1.86,0.3600000000000001
2022-03-03,1.53,1.86,0.33000000000000007
2022-03-04,1.5,1.74,0.24
2022-03-07,1.55,1.78,0.22999999999999998
2022-03-08,1.63,1.86,0.2300000000000002
2022-03-09,1.68,1.94,0.26
2022-03-10,1.72,1.98,0.26
2022-03-11,1.75,2.0,0.25
2022-03-14,1.87,2.14,0.27
2022-03-15,1.85,2.15,0.2999999999999998
2022-03-16,1.95,2.19,0.24
2022-03-17,1.94,2.2,0.26000000000000023
2022-03-18,1.97,2.14,0.17000000000000015
2022-03-21,2.14,2.32,0.17999999999999972
2022-03-22,2.18,2.38,0.19999999999999973
2022-03-23,2.13,2.32,0.18999999999999995
2022-03-24,2.13,2.34,0.20999999999999996
2022-03-25,2.3,2.48,0.18000000000000016
2022-03-28,2.35,2.46,0.10999999999999988
2022-03-29,2.35,2.41,0.06000000000000005
2022-03-30,2.31,2.35,0.040000000000000036
2022-03-31,2.28,2.32,0.040000000000000036
2022-04-01,2.44,2.39,-0.04999999999999982
2022-04-04,2.43,2.42,-0.010000000000000231
2022-04-05,2.51,2.54,0.03000000000000025
2022-04-06,2.5,2.61,0.10999999999999988
2022-04-07,2.47,2.66,0.18999999999999995
2022-04-08,2.53,2.72,0.1900000000000004
2022-04-11,2.5,2.79,0.29000000000000004
2022-04-12,2.39,2.72,0.33000000000000007
2022-04-13,2.37,2.7,0.33000000000000007
2022-04-14,2.47,2.83,0.3599999999999999
2022-04-18,2.46,2.85,0.3900000000000001
2022-04-19,2.61,2.93,0.3200000000000003
2022-04-20,2.6,2.85,0.25
2022-04-21,2.68,2.9,0.21999999999999975
2022-04-22,2.72,2.9,0.17999999999999972
2022-04-25,2.63,2.81,0.18000000000000016
2022-04-26,2.54,2.77,0.22999999999999998
2022-04-27,2.58,2.82,0.23999999999999977
2022-04-28,2.63,2.85,0.2200000000000002
2022-04-29,2.7,2.89,0.18999999999999995
2022-05-02,2.73,2.99,0.26000000000000023
2022-05-03,2.78,2.97,0.1900000000000004
2022-05-04,2.66,2.93,0.27
2022-05-05,2.71,3.05,0.33999999999999986
2022-05-06,2.72,3.12,0.3999999999999999
2022-05-09,2.61,3.05,0.43999999999999995
2022-05-10,2.62,2.99,0.3700000000000001
2022-05-11,2.66,2.91,0.25
2022-05-12,2.56,2.84,0.2799999999999998
2022-05-13,2.61,2.93,0.3200000000000003
2022-05-16,2.58,2.88,0.2999999999999998
2022-05-17,2.71,2.98,0.27
2022-05-18,2.68,2.89,0.20999999999999996
2022-05-19,2.63,2.84,0.20999999999999996
2022-05-20,2.6,2.78,0.17999999999999972
2022-05-23,2.65,2.86,0.20999999999999996
2022-05-24,2.5,2.76,0.2599999999999998
2022-05-25,2.48,2.75,0.27
2022-05-26,2.46,2.75,0.29000000000000004
2022-05-27,2.47,2.74,0.27
2022-05-31,2.53,2.85,0.3200000000000003
2022-06-01,2.66,2.94,0.2799999999999998
2022-06-02,2.65,2.92,0.27
2022-06-03,2.66,2.96,0.2999999999999998
2022-06-06,2.73,3.04,0.31000000000000005
2022-06-07,2.75,2.98,0.22999999999999998
2022-06-08,2.78,3.03,0.25
2022-06-09,2.83,3.04,0.20999999999999996
2022-06-10,3.06,3.15,0.08999999999999986
2022-06-13,3.4,3.43,0.03000000000000025
2022-06-14,3.45,3.49,0.040000000000000036
2022-06-15,3.2,3.33,0.1299999999999999
2022-06-16,3.14,3.28,0.13999999999999968
2022-06-17,3.17,3.25,0.08000000000000007
2022-06-21,3.21,3.31,0.10000000000000009
2022-06-22,3.06,3.16,0.10000000000000009
2022-06-23,3.01,3.09,0.08000000000000007
2022-06-24,3.04,3.13,0.08999999999999986
2022-06-27,3.08,3.2,0.1200000000000001
2022-06-28,3.1,3.2,0.10000000000000009
2022-06-29,3.06,3.1,0.040000000000000036
2022-06-30,2.92,2.98,0.06000000000000005
2022-07-01,2.84,2.88,0.040000000000000036
2022-07-05,2.82,2.82,0.0
2022-07-06,2.97,2.93,-0.040000000000000036
2022-07-07,3.03,3.01,-0.020000000000000018
2022-07-08,3.12,3.09,-0.03000000000000025
2022-07-11,3.07,2.99,-0.07999999999999963
2022-07-12,3.03,2.96,-0.06999999999999984
2022-07-13,3.13,2.91,-0.21999999999999975
2022-07-14,3.15,2.96,-0.18999999999999995
2022-07-15,3.13,2.93,-0.19999999999999973
2022-07-18,3.15,2.96,-0.18999999999999995
2022-07-19,3.23,3.01,-0.2200000000000002
2022-07-20,3.25,3.04,-0.20999999999999996
2022-07-21,3.1,2.91,-0.18999999999999995
2022-07-22,2.98,2.77,-0.20999999999999996
2022-07-25,3.0,2.81,-0.18999999999999995
2022-07-26,3.02,2.81,-0.20999999999999996
2022-07-27,2.96,2.78,-0.18000000000000016
2022-07-28,2.85,2.68,-0.16999999999999993
2022-07-29,2.89,2.67,-0.2200000000000002
2022-08-01,2.9,2.6,-0.2999999999999998
2022-08-02,3.06,2.75,-0.31000000000000005
2022-08-03,3.1,2.73,-0.3700000000000001
2022-08-04,3.03,2.68,-0.34999999999999964
2022-08-05,3.24,2.83,-0.41000000000000014
2022-08-08,3.21,2.77,-0.43999999999999995
2022-08-09,3.28,2.8,-0.48
2022-08-10,3.23,2.78,-0.4500000000000002
2022-08-11,3.23,2.87,-0.3599999999999999
2022-08-12,3.25,2.84,-0.41000000000000014
2022-08-15,3.2,2.79,-0.41000000000000014
2022-08-16,3.25,2.82,-0.43000000000000016
2022-08-17,3.28,2.89,-0.3899999999999997
2022-08-18,3.22,2.88,-0.3400000000000003
2022-08-19,3.25,2.98,-0.27
2022-08-22,3.32,3.03,-0.29000000000000004
2022-08-23,3.29,3.05,-0.2400000000000002
2022-08-24,3.36,3.11,-0.25
2022-08-25,3.35,3.03,-0.3200000000000003
2022-08-26,3.37,3.04,-0.33000000000000007
2022-08-29,3.42,3.12,-0.2999999999999998
2022-08-30,3.46,3.11,-0.3500000000000001
2022-08-31,3.45,3.15,-0.30000000000000027
2022-09-01,3.51,3.26,-0.25
2022-09-02,3.4,3.2,-0.19999999999999973
2022-09-06,3.5,3.33,-0.16999999999999993
2022-09-07,3.45,3.27,-0.18000000000000016
2022-09-08,3.48,3.29,-0.18999999999999995
2022-09-09,3.56,3.33,-0.22999999999999998
2022-09-12,3.58,3.37,-0.20999999999999996
2022-09-13,3.75,3.42,-0.33000000000000007
2022-09-14,3.78,3.41,-0.36999999999999966
2022-09-15,3.87,3.45,-0.41999999999999993
2022-09-16,3.85,3.45,-0.3999999999999999
2022-09-19,3.95,3.49,-0.45999999999999996
2022-09-20,3.96,3.57,-0.3900000000000001
2022-09-21,4.02,3.51,-0.5099999999999998
2022-09-22,4.11,3.7,-0.41000000000000014
2022-09-23,4.2,3.69,-0.5100000000000002
2022-09-26,4.27,3.88,-0.3899999999999997
2022-09-27,4.3,3.97,-0.3299999999999996
2022-09-28,4.07,3.72,-0.3500000000000001
2022-09-29,4.16,3.76,-0.40000000000000036
2022-09-30,4.22,3.83,-0.3899999999999997
2022-10-03,4.12,3.67,-0.4500000000000002
2022-10-04,4.1,3.62,-0.47999999999999954
2022-10-05,4.15,3.76,-0.39000000000000057
2022-10-06,4.23,3.83,-0.40000000000000036
2022-10-07,4.3,3.89,-0.4099999999999997
2022-10-11,4.3,3.93,-0.36999999999999966
2022-10-12,4.28,3.91,-0.3700000000000001
2022-10-13,4.47,3.97,-0.49999999999999956
2022-10-14,4.48,4.0,-0.4800000000000004
2022-10-17,4.45,4.02,-0.4300000000000006
2022-10-18,4.43,4.01,-0.41999999999999993
2022-10-19,4.55,4.14,-0.41000000000000014
2022-10-20,4.62,4.24,-0.3799999999999999
2022-10-21,4.49,4.21,-0.28000000000000025
2022-10-24,4.5,4.25,-0.25
2022-10-25,4.42,4.1,-0.3200000000000003
2022-10-26,4.39,4.04,-0.34999999999999964
2022-10-27,4.3,3.96,-0.33999999999999986
2022-10-28,4.41,4.02,-0.39000000000000057
2022-10-31,4.51,4.1,-0.41000000000000014
2022-11-01,4.54,4.07,-0.46999999999999975
2022-11-02,4.61,4.1,-0.5100000000000007
2022-11-03,4.71,4.14,-0.5700000000000003
2022-11-04,4.66,4.17,-0.4900000000000002
2022-11-07,4.72,4.22,-0.5
2022-11-08,4.67,4.14,-0.5300000000000002
2022-11-09,4.61,4.12,-0.4900000000000002
2022-11-10,4.34,3.82,-0.52
2022-11-14,4.4,3.88,-0.5200000000000005
2022-11-15,4.37,3.8,-0.5700000000000003
2022-11-16,4.35,3.67,-0.6799999999999997
2022-11-17,4.43,3.77,-0.6599999999999997
2022-11-18,4.51,3.82,-0.69
2022-11-21,4.48,3.83,-0.6500000000000004
2022-11-22,4.47,3.76,-0.71
2022-11-23,4.46,3.71,-0.75
2022-11-25,4.42,3.68,-0.7399999999999998
2022-11-28,4.46,3.69,-0.77
2022-11-29,4.48,3.75,-0.7300000000000004
2022-11-30,4.38,3.68,-0.6999999999999997
2022-12-01,4.25,3.53,-0.7200000000000002
2022-12-02,4.28,3.51,-0.7700000000000005
2022-12-05,4.41,3.6,-0.81
2022-12-06,4.34,3.51,-0.8300000000000001
2022-12-07,4.26,3.42,-0.8399999999999999
2022-12-08,4.31,3.48,-0.8299999999999996
2022-12-09,4.33,3.57,-0.7600000000000002
2022-12-12,4.39,3.61,-0.7799999999999998
2022-12-13,4.22,3.51,-0.71
2022-12-14,4.23,3.49,-0.7400000000000002
2022-12-15,4.23,3.44,-0.7900000000000005
2022-12-16,4.17,3.48,-0.69
2022-12-19,4.25,3.57,-0.6800000000000002
2022-12-20,4.25,3.69,-0.56
2022-12-21,4.21,3.68,-0.5299999999999998
2022-12-22,4.24,3.67,-0.5700000000000003
2022-12-23,4.31,3.75,-0.5599999999999996
2022-12-27,4.32,3.84,-0.4800000000000004
2022-12-28,4.31,3.88,-0.4299999999999997
2022-12-29,4.34,3.83,-0.5099999999999998
2022-12-30,4.41,3.88,-0.5300000000000002
2023-01-03,4.4,3.79,-0.6100000000000003
2023-01-04,4.36,3.69,-0.6700000000000004
2023-01-05,4.45,3.71,-0.7400000000000002
2023-01-06,4.24,3.55,-0.6900000000000004
2023-01-09,4.19,3.53,-0.6600000000000006
2023-01-10,4.24,3.61,-0.6300000000000003
2023-01-11,4.2,3.54,-0.6600000000000001
2023-01-12,4.12,3.43,-0.69
2023-01-13,4.22,3.49,-0.7299999999999995
2023-01-17,4.18,3.53,-0.6499999999999999
2023-01-18,4.06,3.37,-0.6899999999999995
2023-01-19,4.09,3.39,-0.6999999999999997
2023-01-20,4.14,3.48,-0.6599999999999997
2023-01-23,4.21,3.52,-0.69
2023-01-24,4.12,3.46,-0.6600000000000001
2023-01-25,4.11,3.46,-0.6500000000000004
2023-01-26,4.17,3.49,-0.6799999999999997
2023-01-27,4.19,3.52,-0.6700000000000004
2023-01-30,4.25,3.55,-0.7000000000000002
2023-01-31,4.21,3.52,-0.69
2023-02-01,4.09,3.39,-0.6999999999999997
2023-02-02,4.09,3.4,-0.69
2023-02-03,4.3,3.53,-0.77
2023-02-06,4.44,3.63,-0.8100000000000005
2023-02-07,4.47,3.67,-0.7999999999999998
2023-02-08,4.45,3.63,-0.8200000000000003
2023-02-09,4.48,3.67,-0.8100000000000005
2023-02-10,4.5,3.74,-0.7599999999999998
2023-02-13,4.52,3.72,-0.7999999999999994
2023-02-14,4.6,3.77,-0.8299999999999996
2023-02-15,4.62,3.81,-0.81
2023-02-16,4.62,3.86,-0.7600000000000002
2023-02-17,4.6,3.82,-0.7799999999999998
2023-02-21,4.67,3.95,-0.7199999999999998
2023-02-22,4.66,3.93,-0.73
2023-02-23,4.66,3.88,-0.7800000000000002
2023-02-24,4.78,3.95,-0.8300000000000001
2023-02-27,4.78,3.92,-0.8600000000000003
2023-02-28,4.81,3.92,-0.8899999999999997
2023-03-01,4.89,4.01,-0.8799999999999999
2023-03-02,4.89,4.08,-0.8099999999999996
2023-03-03,4.86,3.97,-0.8900000000000001
2023-03-06,4.89,3.98,-0.9099999999999997
2023-03-07,5.0,3.97,-1.0299999999999998
2023-03-08,5.05,3.98,-1.0699999999999998
2023-03-09,4.9,3.93,-0.9700000000000002
2023-03-10,4.6,3.7,-0.8999999999999995
2023-03-13,4.03,3.55,-0.4800000000000004
2023-03-14,4.2,3.64,-0.56
2023-03-15,3.93,3.51,-0.4200000000000004
2023-03-16,4.14,3.56,-0.5799999999999996
2023-03-17,3.81,3.39,-0.41999999999999993
2023-03-20,3.92,3.47,-0.44999999999999973
2023-03-21,4.17,3.59,-0.5800000000000001
2023-03-22,3.96,3.48,-0.48
2023-03-23,3.76,3.38,-0.3799999999999999
2023-03-24,3.76,3.38,-0.3799999999999999
2023-03-27,3.94,3.53,-0.41000000000000014
2023-03-28,4.02,3.55,-0.46999999999999975
2023-03-29,4.08,3.57,-0.5100000000000002
2023-03-30,4.1,3.55,-0.5499999999999998
2023-03-31,4.06,3.48,-0.5799999999999996
2023-04-03,3.97,3.43,-0.54
2023-04-04,3.84,3.35,-0.48999999999999977
2023-04-05,3.79,3.3,-0.4900000000000002
2023-04-06,3.82,3.3,-0.52
2023-04-07,3.97,3.39,-0.5800000000000001
2023-04-10,4.0,3.41,-0.5899999999999999
2023-04-11,4.03,3.43,-0.6000000000000001
2023-04-12,3.95,3.41,-0.54
2023-04-13,3.96,3.45,-0.5099999999999998
2023-04-14,4.08,3.52,-0.56
2023-04-17,4.18,3.6,-0.5799999999999996
2023-04-18,4.19,3.58,-0.6100000000000003
2023-04-19,4.24,3.6,-0.6400000000000001
2023-04-20,4.14,3.54,-0.5999999999999996
2023-04-21,4.17,3.57,-0.6000000000000001
2023-04-24,4.12,3.52,-0.6000000000000001
2023-04-25,3.86,3.4,-0.45999999999999996
2023-04-26,3.9,3.43,-0.46999999999999975
2023-04-27,4.07,3.53,-0.5400000000000005
2023-04-28,4.04,3.44,-0.6000000000000001
2023-05-01,4.14,3.59,-0.5499999999999998
2023-05-02,3.97,3.44,-0.5300000000000002
2023-05-03,3.89,3.38,-0.5100000000000002
2023-05-04,3.75,3.37,-0.3799999999999999
2023-05-05,3.92,3.44,-0.48
2023-05-08,4.0,3.52,-0.48
2023-05-09,4.01,3.53,-0.48
2023-05-10,3.9,3.43,-0.46999999999999975
2023-05-11,3.89,3.39,-0.5
2023-05-12,3.98,3.46,-0.52
2023-05-15,3.99,3.5,-0.4900000000000002
2023-05-16,4.06,3.54,-0.5199999999999996
2023-05-17,4.12,3.57,-0.5500000000000003
2023-05-18,4.24,3.65,-0.5900000000000003
2023-05-19,4.28,3.7,-0.5800000000000001
2023-05-22,4.29,3.72,-0.5699999999999998
2023-05-23,4.26,3.7,-0.5599999999999996
2023-05-24,4.31,3.73,-0.5799999999999996
2023-05-25,4.5,3.83,-0.6699999999999999
2023-05-26,4.54,3.8,-0.7400000000000002
2023-05-30,4.46,3.69,-0.77
2023-05-31,4.4,3.64,-0.7600000000000002
2023-06-01,4.33,3.61,-0.7200000000000002
2023-06-02,4.5,3.69,-0.81
2023-06-05,4.46,3.69,-0.77
2023-06-06,4.51,3.7,-0.8099999999999996
2023-06-07,4.56,3.79,-0.7699999999999996
2023-06-08,4.52,3.73,-0.7899999999999996
2023-06-09,4.59,3.75,-0.8399999999999999
2023-06-12,4.55,3.73,-0.8199999999999998
2023-06-13,4.67,3.84,-0.8300000000000001
2023-06-14,4.74,3.83,-0.9100000000000001
2023-06-15,4.62,3.72,-0.8999999999999999
2023-06-16,4.7,3.77,-0.9300000000000002
2023-06-20,4.68,3.74,-0.9399999999999995
2023-06-21,4.68,3.72,-0.9599999999999995
2023-06-22,4.77,3.8,-0.9699999999999998
2023-06-23,4.71,3.74,-0.9699999999999998
2023-06-26,4.65,3.72,-0.9300000000000002
2023-06-27,4.74,3.77,-0.9700000000000002
2023-06-28,4.71,3.71,-1.0
2023-06-29,4.87,3.85,-1.02
2023-06-30,4.87,3.81,-1.06
2023-07-03,4.94,3.86,-1.0800000000000005
2023-07-05,4.94,3.95,-0.9900000000000002
2023-07-06,4.99,4.05,-0.9400000000000004
2023-07-07,4.94,4.06,-0.8800000000000008
2023-07-10,4.85,4.01,-0.8399999999999999
2023-07-11,4.88,3.99,-0.8899999999999997
2023-07-12,4.72,3.86,-0.8599999999999999
2023-07-13,4.59,3.76,-0.8300000000000001
2023-07-14,4.74,3.83,-0.9100000000000001
2023-07-17,4.74,3.81,-0.9300000000000002
2023-07-18,4.74,3.8,-0.9400000000000004
2023-07-19,4.74,3.75,-0.9900000000000002
2023-07-20,4.8,3.85,-0.9499999999999997
2023-07-21,4.82,3.84,-0.9800000000000004
2023-07-24,4.81,3.86,-0.9499999999999997
2023-07-25,4.85,3.91,-0.9399999999999995
2023-07-26,4.82,3.86,-0.9600000000000004
2023-07-27,4.91,4.01,-0.9000000000000004
2023-07-28,4.87,3.96,-0.9100000000000001
2023-07-31,4.88,3.97,-0.9099999999999997
2023-08-01,4.92,4.05,-0.8700000000000001
2023-08-02,4.88,4.08,-0.7999999999999998
2023-08-03,4.9,4.2,-0.7000000000000002
2023-08-04,4.78,4.05,-0.7300000000000004
2023-08-07,4.76,4.09,-0.6699999999999999
2023-08-08,4.74,4.02,-0.7200000000000006
2023-08-09,4.79,4.0,-0.79
2023-08-10,4.82,4.09,-0.7300000000000004
2023-08-11,4.89,4.16,-0.7299999999999995
2023-08-14,4.96,4.19,-0.7699999999999996
2023-08-15,4.92,4.21,-0.71
2023-08-16,4.97,4.28,-0.6899999999999995
2023-08-17,4.94,4.3,-0.6400000000000006
2023-08-18,4.92,4.26,-0.6600000000000001
2023-08-21,4.97,4.34,-0.6299999999999999
2023-08-22,5.02,4.34,-0.6799999999999997
2023-08-23,4.95,4.19,-0.7599999999999998
2023-08-24,4.98,4.23,-0.75
2023-08-25,5.03,4.25,-0.7800000000000002
2023-08-28,4.98,4.2,-0.7800000000000002
2023-08-29,4.87,4.12,-0.75
2023-08-30,4.9,4.12,-0.7800000000000002
2023-08-31,4.85,4.09,-0.7599999999999998
2023-09-01,4.87,4.18,-0.6900000000000004
2023-09-05,4.94,4.27,-0.6700000000000008
2023-09-06,5.01,4.3,-0.71
2023-09-07,4.94,4.27,-0.6700000000000008
2023-09-08,4.98,4.26,-0.7200000000000006
2023-09-11,4.97,4.29,-0.6799999999999997
2023-09-12,4.98,4.27,-0.7100000000000009
2023-09-13,4.96,4.25,-0.71
2023-09-14,5.0,4.29,-0.71
2023-09-15,5.02,4.33,-0.6899999999999995
2023-09-18,5.05,4.32,-0.7299999999999995
2023-09-19,5.08,4.37,-0.71
2023-09-20,5.12,4.35,-0.7700000000000005
2023-09-21,5.12,4.49,-0.6299999999999999
2023-09-22,5.1,4.44,-0.6599999999999993
2023-09-25,5.09,4.55,-0.54
2023-09-26,5.04,4.56,-0.4800000000000004
2023-09-27,5.1,4.61,-0.4899999999999993
2023-09-28,5.04,4.59,-0.4500000000000002
2023-09-29,5.03,4.59,-0.4400000000000004
2023-10-02,5.12,4.69,-0.4299999999999997
2023-10-03,5.15,4.81,-0.34000000000000075
2023-10-04,5.05,4.73,-0.3199999999999994
2023-10-05,5.03,4.72,-0.3100000000000005
2023-10-06,5.08,4.78,-0.2999999999999998
2023-10-10,4.96,4.66,-0.2999999999999998
2023-10-11,4.99,4.58,-0.41000000000000014
2023-10-12,5.06,4.7,-0.35999999999999943
2023-10-13,5.04,4.63,-0.41000000000000014
2023-10-16,5.09,4.71,-0.3799999999999999
2023-10-17,5.19,4.83,-0.3600000000000003
2023-10-18,5.19,4.91,-0.28000000000000025
2023-10-19,5.14,4.98,-0.15999999999999925
2023-10-20,5.07,4.93,-0.14000000000000057
2023-10-23,5.05,4.86,-0.1899999999999995
2023-10-24,5.02,4.83,-0.1899999999999995
2023-10-25,5.08,4.95,-0.1299999999999999
2023-10-26,5.02,4.86,-0.15999999999999925
2023-10-27,4.99,4.84,-0.15000000000000036
2023-10-30,5.03,4.88,-0.15000000000000036
2023-10-31,5.07,4.88,-0.1900000000000004
2023-11-01,4.95,4.77,-0.1800000000000006
2023-11-02,4.98,4.67,-0.3100000000000005
2023-11-03,4.83,4.57,-0.2599999999999998
2023-11-06,4.93,4.67,-0.2599999999999998
2023-11-07,4.91,4.58,-0.33000000000000007
2023-11-08,4.93,4.49,-0.4399999999999995
2023-11-09,5.03,4.62,-0.41000000000000014
2023-11-10,5.04,4.61,-0.4299999999999997
2023-11-13,5.02,4.63,-0.3899999999999997
2023-11-14,4.8,4.44,-0.35999999999999943
2023-11-15,4.9,4.53,-0.3700000000000001
2023-11-16,4.83,4.45,-0.3799999999999999
2023-11-17,4.88,4.44,-0.4399999999999995
2023-11-20,4.89,4.42,-0.46999999999999975
2023-11-21,4.86,4.41,-0.4500000000000002
2023-11-22,4.89,4.42,-0.46999999999999975
2023-11-24,4.92,4.47,-0.4500000000000002
2023-11-27,4.84,4.39,-0.4500000000000002
2023-11-28,4.73,4.34,-0.39000000000000057
2023-11-29,4.64,4.27,-0.3700000000000001
2023-11-30,4.73,4.37,-0.3600000000000003
2023-12-01,4.56,4.22,-0.33999999999999986
2023-12-04,4.64,4.28,-0.35999999999999943
2023-12-05,4.57,4.18,-0.39000000000000057
2023-12-06,4.6,4.12,-0.47999999999999954
2023-12-07,4.58,4.14,-0.4400000000000004
2023-12-08,4.71,4.23,-0.47999999999999954
2023-12-11,4.71,4.23,-0.47999999999999954
2023-12-12,4.73,4.2,-0.5300000000000002
2023-12-13,4.46,4.04,-0.41999999999999993
2023-12-14,4.37,3.92,-0.4500000000000002
2023-12-15,4.44,3.91,-0.5300000000000002
2023-12-18,4.43,3.95,-0.47999999999999954
2023-12-19,4.41,3.93,-0.48
2023-12-20,4.34,3.86,-0.48
2023-12-21,4.33,3.89,-0.43999999999999995
2023-12-22,4.31,3.9,-0.4099999999999997
2023-12-26,4.26,3.89,-0.36999999999999966
2023-12-27,4.2,3.79,-0.41000000000000014
2023-12-28,4.26,3.84,-0.41999999999999993
2023-12-29,4.23,3.88,-0.35000000000000053
2024-01-02,4.33,3.95,-0.3799999999999999
2024-01-03,4.33,3.91,-0.41999999999999993
2024-01-04,4.38,3.99,-0.3899999999999997
2024-01-05,4.4,4.05,-0.35000000000000053
2024-01-08,4.36,4.01,-0.35000000000000053
2024-01-09,4.36,4.02,-0.34000000000000075
2024-01-10,4.37,4.04,-0.33000000000000007
2024-01-11,4.26,3.98,-0.2799999999999998
2024-01-12,4.14,3.96,-0.17999999999999972
2024-01-16,4.22,4.07,-0.14999999999999947
2024-01-17,4.34,4.1,-0.2400000000000002
2024-01-18,4.34,4.14,-0.20000000000000018
2024-01-19,4.39,4.15,-0.23999999999999932
2024-01-22,4.37,4.11,-0.2599999999999998
2024-01-23,4.31,4.14,-0.16999999999999993
2024-01-24,4.34,4.18,-0.16000000000000014
2024-01-25,4.28,4.14,-0.14000000000000057
2024-01-26,4.34,4.15,-0.1899999999999995
2024-01-29,4.29,4.08,-0.20999999999999996
2024-01-30,4.36,4.06,-0.3000000000000007
2024-01-31,4.27,3.99,-0.27999999999999936
2024-02-01,4.2,3.87,-0.33000000000000007
2024-02-02,4.36,4.03,-0.33000000000000007
2024-02-05,4.46,4.17,-0.29000000000000004
2024-02-06,4.39,4.09,-0.2999999999999998
2024-02-07,4.41,4.09,-0.3200000000000003
2024-02-08,4.46,4.15,-0.3099999999999996
2024-02-09,4.48,4.17,-0.3100000000000005
2024-02-12,4.46,4.17,-0.29000000000000004
2024-02-13,4.64,4.31,-0.33000000000000007
2024-02-14,4.56,4.27,-0.29000000000000004
2024-02-15,4.56,4.24,-0.3199999999999994
2024-02-16,4.64,4.3,-0.33999999999999986
2024-02-20,4.59,4.27,-0.3200000000000003
2024-02-21,4.64,4.32,-0.3199999999999994
2024-02-22,4.69,4.33,-0.3600000000000003
2024-02-23,4.67,4.26,-0.41000000000000014
2024-02-26,4.69,4.28,-0.41000000000000014
2024-02-27,4.7,4.31,-0.39000000000000057
2024-02-28,4.64,4.27,-0.3700000000000001
2024-02-29,4.64,4.25,-0.3899999999999997
2024-03-01,4.54,4.19,-0.34999999999999964
2024-03-04,4.61,4.22,-0.39000000000000057
2024-03-05,4.54,4.13,-0.41000000000000014
2024-03-06,4.55,4.11,-0.4399999999999995
2024-03-07,4.5,4.09,-0.41000000000000014
2024-03-08,4.48,4.09,-0.39000000000000057
2024-03-11,4.51,4.1,-0.41000000000000014
2024-03-12,4.58,4.16,-0.41999999999999993
2024-03-13,4.61,4.19,-0.41999999999999993
2024-03-14,4.68,4.29,-0.3899999999999997
2024-03-15,4.72,4.31,-0.41000000000000014
2024-03-18,4.73,4.34,-0.39000000000000057
2024-03-19,4.68,4.3,-0.3799999999999999
2024-03-20,4.59,4.27,-0.3200000000000003
2024-03-21,4.62,4.27,-0.35000000000000053
2024-03-22,4.59,4.22,-0.3700000000000001
2024-03-25,4.54,4.25,-0.29000000000000004
2024-03-26,4.56,4.24,-0.3199999999999994
2024-03-27,4.54,4.2,-0.33999999999999986
2024-03-28,4.59,4.2,-0.3899999999999997
2024-04-01,4.72,4.33,-0.3899999999999997
2024-04-02,4.7,4.36,-0.33999999999999986
2024-04-03,4.68,4.36,-0.3199999999999994
2024-04-04,4.65,4.31,-0.34000000000000075
2024-04-05,4.73,4.39,-0.34000000000000075
2024-04-08,4.78,4.42,-0.3600000000000003
2024-04-09,4.74,4.36,-0.3799999999999999
2024-04-10,4.97,4.55,-0.41999999999999993
2024-04-11,4.93,4.56,-0.3700000000000001
2024-04-12,4.88,4.5,-0.3799999999999999
2024-04-15,4.93,4.63,-0.2999999999999998
2024-04-16,4.97,4.67,-0.2999999999999998
2024-04-17,4.93,4.59,-0.33999999999999986
2024-04-18,4.98,4.64,-0.34000000000000075
2024-04-19,4.97,4.62,-0.34999999999999964
2024-04-22,4.97,4.62,-0.34999999999999964
2024-04-23,4.86,4.61,-0.25
2024-04-24,4.89,4.65,-0.23999999999999932
2024-04-25,4.96,4.7,-0.2599999999999998
2024-04-26,4.96,4.67,-0.29000000000000004
2024-04-29,4.97,4.63,-0.33999999999999986
2024-04-30,5.04,4.69,-0.34999999999999964
2024-05-01,4.96,4.63,-0.33000000000000007
2024-05-02,4.87,4.58,-0.29000000000000004
2024-05-03,4.81,4.5,-0.3099999999999996
2024-05-06,4.82,4.49,-0.33000000000000007
2024-05-07,4.82,4.47,-0.35000000000000053
2024-05-08,4.84,4.48,-0.35999999999999943
2024-05-09,4.8,4.45,-0.34999999999999964
2024-05-10,4.87,4.5,-0.3700000000000001
2024-05-13,4.85,4.48,-0.3699999999999992
2024-05-14,4.81,4.45,-0.35999999999999943
2024-05-15,4.73,4.36,-0.3700000000000001
2024-05-16,4.78,4.38,-0.40000000000000036
2024-05-17,4.83,4.42,-0.41000000000000014
2024-05-20,4.82,4.44,-0.3799999999999999
2024-05-21,4.82,4.41,-0.41000000000000014
2024-05-22,4.86,4.43,-0.4300000000000006
2024-05-23,4.91,4.47,-0.4400000000000004
2024-05-24,4.93,4.46,-0.46999999999999975
2024-05-28,4.94,4.54,-0.40000000000000036
2024-05-29,4.96,4.61,-0.34999999999999964
2024-05-30,4.92,4.55,-0.3700000000000001
2024-05-31,4.89,4.51,-0.3799999999999999
2024-06-03,4.82,4.41,-0.41000000000000014
2024-06-04,4.77,4.33,-0.4399999999999995
2024-06-05,4.72,4.29,-0.4299999999999997
2024-06-06,4.72,4.28,-0.4399999999999995
2024-06-07,4.87,4.43,-0.4400000000000004
2024-06-10,4.87,4.47,-0.40000000000000036
2024-06-11,4.81,4.39,-0.41999999999999993
2024-06-12,4.75,4.31,-0.4400000000000004
2024-06-13,4.68,4.24,-0.4399999999999995
2024-06-14,4.67,4.2,-0.46999999999999975
2024-06-17,4.75,4.28,-0.46999999999999975
2024-06-18,4.69,4.22,-0.47000000000000064
2024-06-20,4.7,4.25,-0.4500000000000002
2024-06-21,4.7,4.25,-0.4500000000000002
2024-06-24,4.71,4.25,-0.45999999999999996
2024-06-25,4.65,4.23,-0.41999999999999993
2024-06-26,4.71,4.32,-0.3899999999999997
2024-06-27,4.7,4.29,-0.41000000000000014
2024-06-28,4.71,4.36,-0.34999999999999964
2024-07-01,4.77,4.48,-0.28999999999999915
